{
    "1118xl0c": {
        "minSize": "l+u",
        "maxSize": "xl+u",
        "players": "2-8",
        "zones": {
            "1": {
                "type": "playerStart",
                "size": 11,
                "owner": 1,
                "monsters": "normal",
                "playerTowns": {
                    "castles": 1
                },
                "mines": {
                    "wood": 1,
                    "mercury": 1,
                    "ore": 1
                },
                "treasure": [
                    {
                        "min": 30000,
                        "max": 100000,
                        "density": 1
                    },
                    {
                        "min": 10000,
                        "max": 15000,
                        "density": 2
                    },
                    {
                        "min": 3000,
                        "max": 6000,
                        "density": 4
                    },
                    {
                        "min": 500,
                        "max": 3000,
                        "density": 12
                    }
                ]
            },
            "2": {
                "type": "playerStart",
                "size": 11,
                "owner": 2,
                "monsters": "normal",
                "playerTowns": {
                    "castles": 1
                },
                "mines": {
                    "wood": 1,
                    "ore": 1,
                    "sulfur": 1
                },
                "treasureLikeZone": 1
            },
            "3": {
                "type": "playerStart",
                "size": 11,
                "owner": 3,
                "monsters": "normal",
                "playerTowns": {
                    "castles": 1
                },
                "mines": {
                    "wood": 1,
                    "ore": 1,
                    "crystal": 1
                },
                "treasureLikeZone": 1
            },
            "4": {
                "type": "playerStart",
                "size": 11,
                "owner": 4,
                "monsters": "normal",
                "playerTowns": {
                    "castles": 1
                },
                "mines": {
                    "wood": 1,
                    "ore": 1,
                    "gems": 1
                },
                "treasureLikeZone": 1
            },
            "5": {
                "type": "playerStart",
                "size": 11,
                "owner": 5,
                "monsters": "normal",
                "playerTowns": {
                    "castles": 1
                },
                "minesLikeZone": 1,
                "treasureLikeZone": 1
            },
            "6": {
                "type": "playerStart",
                "size": 11,
                "owner": 6,
                "monsters": "normal",
                "playerTowns": {
                    "castles": 1
                },
                "minesLikeZone": 2,
                "treasureLikeZone": 1
            },
            "7": {
                "type": "playerStart",
                "size": 11,
                "owner": 7,
                "monsters": "normal",
                "playerTowns": {
                    "castles": 1
                },
                "minesLikeZone": 3,
                "treasureLikeZone": 1
            },
            "8": {
                "type": "playerStart",
                "size": 11,
                "owner": 8,
                "monsters": "normal",
                "playerTowns": {
                    "castles": 1
                },
                "minesLikeZone": 4,
                "treasureLikeZone": 1
            },
            "9": {
                "type": "treasure",
                "size": 11,
                "monsters": "strong",
                "matchTerrainToTown": false,
                "mines": {
                    "mercury": 1,
                    "sulfur": 1,
                    "gold": 1
                },
                "treasure": [
                    {
                        "min": 30000,
                        "max": 100000,
                        "density": 3
                    },
                    {
                        "min": 20000,
                        "max": 30000,
                        "density": 2
                    },
                    {
                        "min": 15000,
                        "max": 20000,
                        "density": 8
                    },
                    {
                        "min": 10000,
                        "max": 15000,
                        "density": 12
                    }
                ]
            },
            "10": {
                "type": "treasure",
                "size": 11,
                "monsters": "strong",
                "matchTerrainToTown": false,
                "mines": {
                    "crystal": 1,
                    "gems": 1
                },
                "treasureLikeZone": 9
            },
            "11": {
                "type": "treasure",
                "size": 11,
                "monsters": "strong",
                "matchTerrainToTown": false,
                "mines": {
                    "mercury": 1,
                    "sulfur": 1,
                    "crystal": 1,
                    "gems": 1,
                    "gold": 1
                },
                "treasureLikeZone": 9
            },
            "12": {
                "type": "treasure",
                "size": 11,
                "monsters": "strong",
                "matchTerrainToTown": false,
                "minesLikeZone": 10,
                "treasureLikeZone": 9
            },
            "13": {
                "type": "treasure",
                "size": 11,
                "monsters": "strong",
                "matchTerrainToTown": false,
                "mines": {
                    "mercury": 1,
                    "sulfur": 1
                },
                "treasureLikeZone": 9
            }
        },
        "connections": [
            {
                "a": "1",
                "b": "9",
                "guard": 10000
            },
            {
                "a": "2",
                "b": "10",
                "guard": 10000
            },
            {
                "a": "3",
                "b": "13",
                "guard": 10000
            },
            {
                "a": "4",
                "b": "12",
                "guard": 10000
            },
            {
                "a": "5",
                "b": "9",
                "guard": 10000
            },
            {
                "a": "5",
                "b": "10",
                "guard": 10000
            },
            {
                "a": "5",
                "b": "11",
                "guard": 10000
            },
            {
                "a": "6",
                "b": "10",
                "guard": 10000
            },
            {
                "a": "6",
                "b": "11",
                "guard": 10000
            },
            {
                "a": "6",
                "b": "13",
                "guard": 10000
            },
            {
                "a": "7",
                "b": "11",
                "guard": 10000
            },
            {
                "a": "7",
                "b": "12",
                "guard": 10000
            },
            {
                "a": "7",
                "b": "13",
                "guard": 10000
            },
            {
                "a": "8",
                "b": "9",
                "guard": 10000
            },
            {
                "a": "8",
                "b": "11",
                "guard": 10000
            },
            {
                "a": "8",
                "b": "12",
                "guard": 10000
            },
            {
                "a": "9",
                "b": "10",
                "guard": 10000
            },
            {
                "a": "9",
                "b": "12",
                "guard": 10000
            },
            {
                "a": "10",
                "b": "13",
                "guard": 10000
            },
            {
                "a": "12",
                "b": "13",
                "guard": 10000
            }
        ]
    }
}